{"cameraMode":{"drawMode":0,"name":"Shaded","section":"Shading Mode"},"sceneLighting":true,"audioPlay":false,"sceneViewState":{"showFog":true,"showMaterialUpdate":false,"showSkybox":true,"showFlares":true,"showImageEffects":true,"showParticleSystems":true},"in2DMode":false,"pivot":{"x":-1.4056464433670045,"y":0.8029712438583374,"z":-1.3216370344161988},"rotation":{"x":0.7071476578712463,"y":-0.003782951273024082,"z":0.0038079549558460714,"w":0.7071459889411926},"size":5.546931743621826,"orthographic":true}