{"cameraMode":{"drawMode":0,"name":"Shaded","section":"Shading Mode"},"sceneLighting":true,"audioPlay":false,"sceneViewState":{"showFog":true,"showMaterialUpdate":false,"showSkybox":true,"showFlares":true,"showImageEffects":true,"showParticleSystems":true},"in2DMode":false,"pivot":{"x":-2.068439245223999,"y":0.7000583410263062,"z":-3.2131826877593996},"rotation":{"x":0.40583038330078127,"y":0.01292414404451847,"z":-0.005719936918467283,"w":0.9139184951782227},"size":5.546931743621826,"orthographic":true}