{"cameraMode":{"drawMode":0,"name":"Shaded","section":"Shading Mode"},"sceneLighting":true,"audioPlay":false,"sceneViewState":{"showFog":true,"showMaterialUpdate":false,"showSkybox":true,"showFlares":true,"showImageEffects":true,"showParticleSystems":true},"in2DMode":false,"pivot":{"x":2.6145665645599367,"y":-1.4049440622329713,"z":-3.344543933868408},"rotation":{"x":0.15534736216068269,"y":-0.016612490639090539,"z":0.002610276686027646,"w":0.9877408146858215},"size":993.8141479492188,"orthographic":true}