{"cameraMode":{"drawMode":0,"name":"Shaded","section":"Shading Mode"},"sceneLighting":true,"audioPlay":false,"sceneViewState":{"showFog":true,"showMaterialUpdate":false,"showSkybox":true,"showFlares":true,"showImageEffects":true,"showParticleSystems":true},"in2DMode":false,"pivot":{"x":-0.9998651742935181,"y":3.300729751586914,"z":-2.8619046211242677},"rotation":{"x":-0.32785752415657046,"y":0.10066188871860504,"z":-0.03511892259120941,"w":-0.9387543797492981},"size":6.712154388427734,"orthographic":true}