{"cameraMode":{"drawMode":0,"name":"Shaded","section":"Shading Mode"},"sceneLighting":true,"audioPlay":false,"sceneViewState":{"showFog":true,"showMaterialUpdate":false,"showSkybox":true,"showFlares":true,"showImageEffects":true,"showParticleSystems":true},"in2DMode":false,"pivot":{"x":-0.23967817425727845,"y":-0.5897631645202637,"z":-2.8582897186279299},"rotation":{"x":0.4213791787624359,"y":-0.011695131659507752,"z":0.005438335705548525,"w":0.9068041443824768},"size":11.05238151550293,"orthographic":true}