{"cameraMode":{"drawMode":0,"name":"Shaded","section":"Shading Mode"},"sceneLighting":true,"audioPlay":false,"sceneViewState":{"showFog":true,"showMaterialUpdate":false,"showSkybox":true,"showFlares":true,"showImageEffects":true,"showParticleSystems":true},"in2DMode":false,"pivot":{"x":-3.9249179363250734,"y":0.046131134033203128,"z":-1.3142563104629517},"rotation":{"x":0.3296831250190735,"y":-0.015007855370640755,"z":0.005244601983577013,"w":0.9439946413040161},"size":6.572037696838379,"orthographic":true}