{"cameraMode":{"drawMode":0,"name":"Shaded","section":"Shading Mode"},"sceneLighting":true,"audioPlay":false,"sceneViewState":{"showFog":true,"showMaterialUpdate":false,"showSkybox":true,"showFlares":true,"showImageEffects":true,"showParticleSystems":true},"in2DMode":false,"pivot":{"x":3.4323737621307375,"y":4.295161724090576,"z":0.3105888366699219},"rotation":{"x":0.4482479691505432,"y":0.05892277881503105,"z":-0.02962738834321499,"w":0.891472339630127},"size":11.05238151550293,"orthographic":true}