{"cameraMode":{"drawMode":0,"name":"Shaded","section":"Shading Mode"},"sceneLighting":true,"audioPlay":false,"sceneViewState":{"showFog":true,"showMaterialUpdate":false,"showSkybox":true,"showFlares":true,"showImageEffects":true,"showParticleSystems":true},"in2DMode":false,"pivot":{"x":2.603445053100586,"y":3.9044933319091799,"z":-1.6142568588256837},"rotation":{"x":0.43089741468429568,"y":0.00676791463047266,"z":-0.0032318115700036289,"w":0.9023704528808594},"size":6.409756183624268,"orthographic":true}