{"cameraMode":{"drawMode":0,"name":"Shaded","section":"Shading Mode"},"sceneLighting":true,"audioPlay":false,"sceneViewState":{"showFog":true,"showMaterialUpdate":false,"showSkybox":true,"showFlares":true,"showImageEffects":true,"showParticleSystems":true},"in2DMode":false,"pivot":{"x":17.15069580078125,"y":-1.673490047454834,"z":-24.763591766357423},"rotation":{"x":-0.02698197402060032,"y":-0.03479727730154991,"z":-0.0009586659143678844,"w":0.9990512728691101},"size":567.18310546875,"orthographic":true}