{"cameraMode":{"drawMode":0,"name":"Shaded","section":"Shading Mode"},"sceneLighting":true,"audioPlay":false,"sceneViewState":{"showFog":true,"showMaterialUpdate":false,"showSkybox":true,"showFlares":true,"showImageEffects":true,"showParticleSystems":true},"in2DMode":false,"pivot":{"x":2.5422139167785646,"y":0.3067169189453125,"z":-1.2973090410232545},"rotation":{"x":0.5281903743743897,"y":0.009426566772162915,"z":-0.005864989478141069,"w":0.8490660786628723},"size":11.867355346679688,"orthographic":true}